index-entry-number,entry-number,entry-timestamp,key,government-service,hostname,government-organisation,start-date,end-date
188,188,2019-09-15T17:47:21Z,1220,1220,trade-remedies,D1196,2019-02-22,
187,187,2019-09-15T17:47:21Z,1219,1219,"apply-export-health-certificate",EA1079,2019-02-21,
186,186,2019-09-15T17:47:21Z,1218,1218,"manage-veterinary-medicines",EA60,2019-02-21,
185,185,2019-09-15T17:47:21Z,1217,1217,register-childminder,D106,2018-11-01,
184,184,2019-09-15T17:47:21Z,1216,1216,"search-local-land-charges",D69,2018-06-20,
183,183,2019-09-15T17:47:21Z,1215,1215,"eu-settled-status-enquiries",D16,2018-10-16,
182,182,2019-09-15T17:47:21Z,1214,1214,"submit-general-aviation-report",OT535,2019-03-12,
181,181,2019-09-15T17:47:21Z,1213,1213,help-to-save,D25,2018-09-17,
180,180,2019-09-15T17:47:21Z,1212,1212,fluorinated-gas,EA199,2018-12-19,
179,179,2019-09-15T17:47:21Z,1211,1211,"laboratory-ozone-depleting-substances",EA199,2018-12-19,
178,178,2019-09-15T17:47:21Z,1210,1210,"ozone-depleting-substances",EA199,2018-12-19,
177,177,2019-09-15T17:47:21Z,1209,1209,check-vehicle-recalls,EA570,2018-11-02,
176,176,2019-09-15T17:47:21Z,1208,1208,pay-roadside-fine,EA570,2019-01-10,
175,175,2019-09-15T17:47:21Z,1207,1207,register-vehicle,EA74,2019-03-28,
174,174,2019-09-15T17:47:21Z,1206,1206,"add-driving-licence-check-code",EA74,2018-11-01,
173,173,2019-09-15T17:47:21Z,1205,1205,"get-rules-tariffs-trade-with-uk",D1196,2019-03-25,
172,172,2019-09-15T17:47:21Z,1204,1204,"investigations-trade-remedies",D1196,2019-02-22,
171,171,2019-09-15T17:47:21Z,1203,1203,apply-blue-badge,D9,2018-12-12,
170,170,2019-09-15T17:47:21Z,1202,1202,teaching-vacancies,D6,2018-11-13,
169,169,2019-09-15T17:47:21Z,1201,1201,"comply-chemical-regulations",PB207,2019-02-21,
168,168,2019-09-15T17:47:21Z,1200,1200,find-tender,OT1201,2019-02-22,
167,167,2019-09-15T17:47:21Z,1199,1199,create-energy-label,D1198,2019-04-04,
166,166,2018-12-03T14:59:59Z,1116,1116,recruit-apprentice,EO1216,,
165,165,2018-12-03T14:59:21Z,1054,1054,findapprenticeship,EO1216,,
164,164,2018-11-09T11:27:01Z,1148,1148,universal-credit,D10,,
163,163,2018-07-13T13:55:50Z,1198,1198,apply-divorce,EA73,2018-04-16,
162,162,2018-07-13T13:55:05Z,1197,1197,reply-jury-summons,EA73,2018-04-24,
161,161,2018-07-13T13:53:51Z,1196,1196,track-benefit-appeal,EA73,2018-07-12,
160,160,2018-07-13T13:53:06Z,1195,1195,appeal-benefit-decision,EA73,2018-07-12,
159,159,2018-07-13T13:52:23Z,1194,1194,teaching-jobs,D6,2018-07-13,
158,158,2018-07-13T13:51:34Z,1193,1193,design-system,OT1056,2018-06-19,
157,157,2018-07-13T13:50:50Z,1192,1192,access,D25,2018-06-08,
156,156,2018-07-13T13:49:21Z,1191,1191,"update-student-loan-employment-details",PB27,2018-05-01,
155,155,2018-07-13T13:48:39Z,1190,1190,apply-for-probate,EA73,2018-07-04,
154,154,2018-05-02T13:59:41Z,1174,1174,ethnicity-facts-figures,OT1254,2017-09-20,
153,153,2018-04-23T14:59:07Z,1189,1189,registers,OT1056,2018-04-13,
152,152,2018-04-06T14:23:18Z,1188,1188,claim-chargepoint-grants,EA74,2018-04-04,
151,151,2018-04-06T14:21:17Z,1187,1187,"apply-workplace-chargepoint-grant",EA74,2018-04-04,
150,150,2018-04-06T14:18:42Z,1186,1186,"claim-power-of-attorney-refund",EA72,,
149,149,2018-03-26T12:40:16Z,1185,1185,manage-company-data,EA26,2017-12-01,
148,148,2018-03-26T12:39:19Z,1184,1184,"apply-basic-criminal-record-check",PB509,2018-01-10,
147,147,2018-03-26T12:38:14Z,1183,1183,reply-juror-summons,EA73,2018-03-12,
146,146,2018-03-26T12:37:18Z,1182,1182,"manage-water-abstraction-impoundment-licence",EA199,2018-03-23,
145,145,2018-03-26T12:36:25Z,1181,1181,moneyclaims,EA73,2018-02-21,
144,144,2018-03-26T12:34:50Z,1180,1180,get-state-pension,D10,2018-03-15,
143,143,2018-03-26T12:32:19Z,1178,1178,"schools-financial-benchmarking",D6,2017-06-22T00:00:00,2017-06-22T00:00:00
142,142,2018-03-26T12:30:55Z,1171,1171,help-with-prison-visits,D18,2017-06-20,
141,141,2018-03-26T12:28:17Z,1179,1179,help-with-prison-visits,D18,2016-06-22T00:00:00,2016-06-22T00:00:00
138,138,2017-10-25T10:02:53Z,1177,1177,"publish-payment-practices",D1198,2017-10-05,
137,137,2017-10-25T10:02:53Z,1176,1176,check-payment-practices,D1198,2017-10-05,
136,136,2017-10-25T10:02:53Z,1175,1175,"supplier-cyber-protection",D17,2017-07-18,
134,134,2017-09-01T10:45:48Z,1014,1014,benefitfraud-trial,D10,2017-04-21T00:00:00,2017-04-21T00:00:00
133,133,2017-08-29T16:28:18Z,1173,1173,"schools-financial-benchmarking",D6,2017-06-22,
132,132,2017-08-29T16:28:18Z,1172,1172,contact-embassy,D13,2017-07-31,
124,124,2017-06-20T09:05:50Z,1170,1170,get-information-schools,D6,2017-06-12,
123,123,2017-06-20T09:05:50Z,1169,1169,appeal-tax-tribunal,D18,2017-06-12,
122,122,2017-05-25T10:54:32Z,1168,1168,report-landfill-data,EA199,,
121,121,2017-05-16T13:47:02Z,1167,1167,trade-tariff,D25,,
120,120,2017-05-16T13:47:02Z,1166,1166,"submit-flood-coastal-erosion-funding-proposal",EA199,,
119,119,2017-05-16T13:47:02Z,1165,1165,gender-pay-gap,OT506,,
118,118,2017-05-16T13:47:02Z,1164,1164,"apply-plug-in-vehicle-grant",EA74,,
117,117,2017-05-16T13:47:02Z,1163,1163,"apply-for-innovation-funding",PB1078,,
116,116,2017-05-16T13:47:02Z,1162,1162,"analyse-school-performance",D6,,
115,115,2017-05-04T14:53:23Z,1161,1161,signin,OT1056,,
114,114,2017-04-28T14:34:00Z,1160,1160,weee,EA199,,
113,113,2017-04-28T14:34:00Z,1159,1159,wasteexemptions,EA199,,
112,112,2017-04-28T14:34:00Z,1158,1158,"wastecarriersregistration",EA199,,
111,111,2017-04-28T14:34:00Z,1157,1157,visas-immigration,OT554,,
110,110,2017-04-28T14:34:00Z,1156,1156,visa-address-update,OT554,,
109,109,2017-04-28T14:34:00Z,1155,1155,viewdrivingrecord,EA74,,
108,108,2017-04-28T14:34:00Z,1154,1154,verifyapostille,D13,,
107,107,2017-04-28T14:34:00Z,1153,1153,vehicletax,EA74,,
106,106,2017-04-28T14:34:00Z,1152,1152,vehicleenquiry,EA74,,
105,105,2017-04-28T14:34:00Z,1151,1151,"vehicle-operator-licensing",PB465,,
104,104,2017-04-28T14:34:00Z,1149,1149,update-charity-details,D98,,
102,102,2017-04-28T14:34:00Z,1145,1145,tribunalsdecisions,EA73,,
101,101,2017-04-28T14:34:00Z,1143,1143,"trade-challenge-accreditation",D1196,,
100,100,2017-04-28T14:34:00Z,1142,1142,"trackparliamentaryquestions",D18,,
99,99,2017-04-28T14:34:00Z,1141,1141,taxdisc,EA74,,
98,98,2017-04-28T14:34:00Z,1139,1139,tax,D25,,
97,97,2017-04-28T14:34:00Z,1138,1138,take-part-in-research,OT1056,,
96,96,2017-04-28T14:34:00Z,1136,1136,student-finance,PB27,,
95,95,2017-04-28T14:34:00Z,1135,1135,sorn,EA74,,
94,94,2017-04-28T14:34:00Z,1134,1134,skillsfunding,EA86,,
93,93,2017-04-28T14:34:00Z,1130,1130,send-money-to-prisoner,D18,,
92,92,2017-04-28T14:34:00Z,1129,1129,"search-property-information",D69,,
91,91,2017-04-28T14:34:00Z,1128,1128,ruralpayments,EA58,,
90,90,2017-04-28T14:34:00Z,1126,1126,"report-immigration-custom-crime",D16,,
89,89,2017-04-28T14:34:00Z,1125,1125,report-director-conduct,EA32,,
88,88,2017-04-28T14:34:00Z,1124,1124,report-benefit-fraud,D10,,
87,87,2017-04-28T14:34:00Z,1123,1123,"renewable-heat-calculator",D1198,,
86,86,2017-04-28T14:34:00Z,1122,1122,registertovote,D2,,
85,85,2017-04-28T14:34:00Z,1120,1120,"register-flood-risk-exemption",EA199,,
84,84,2017-04-28T14:34:00Z,1118,1118,"register-alerts-international-opportunities",D13,,
83,83,2017-04-28T14:34:00Z,1117,1117,redundancy-payments,EA32,,
81,81,2017-04-28T14:34:00Z,1115,1115,queens-awards-enterprise,D1198,,
80,80,2017-04-28T14:34:00Z,1112,1112,probatesearch,EA73,,
79,79,2017-04-28T14:34:00Z,1111,1111,prisonvisits,EA321,,
78,78,2017-04-28T14:34:00Z,1110,1110,"personalisedvehicleregistration",EA74,,
77,77,2017-04-28T14:34:00Z,1108,1108,peoplefinder,D18,,
76,76,2017-04-28T14:34:00Z,1106,1106,payments,OT1056,,
75,75,2017-04-28T14:34:00Z,1105,1105,paydvlafine,EA74,,
74,74,2017-04-28T14:34:00Z,1104,1104,paydrivingfinetrial,EA74,,
73,73,2017-04-28T14:34:00Z,1103,1103,"pay-register-death-abroad",D13,,
72,72,2017-04-28T14:34:00Z,1102,1102,"pay-register-birth-abroad",D13,,
71,71,2017-04-28T14:34:00Z,1101,1101,pay-legalisation-post,D13,,
70,70,2017-04-28T14:34:00Z,1100,1100,"pay-legalisation-drop-off",D13,,
69,69,2017-04-28T14:34:00Z,1094,1094,passportofficeforms,EA66,,
68,68,2017-04-28T14:34:00Z,1093,1093,passportappointment,EA66,,
67,67,2017-04-28T14:34:00Z,1092,1092,passportapplication,EA66,,
66,66,2017-04-28T14:34:00Z,1091,1091,passport,EA66,,
65,65,2017-04-28T14:34:00Z,1090,1090,overseas-crisis,D13,,
64,64,2017-04-28T14:34:00Z,1089,1089,orphanworkslicensing,EA34,,
63,63,2017-04-28T14:34:00Z,1087,1087,notifications,OT1056,,
62,62,2017-04-28T14:34:00Z,1085,1085,nominate-uk-honour,D2,,
61,61,2017-04-28T14:34:00Z,1084,1084,mot-testing,EA570,,
60,60,2017-04-28T14:34:00Z,1083,1083,"miscarriage-justice-compensation",D18,,
59,59,2017-04-28T14:34:00Z,1082,1082,managefleetvehicles,EA74,,
58,58,2017-04-28T14:34:00Z,1080,1080,manage-apprenticeships,EO1216,,
57,57,2017-04-28T14:34:00Z,1079,1079,makeaplea,D18,,
56,56,2017-04-28T14:34:00Z,1078,1078,loststolenpassport,EA66,,
55,55,2017-04-28T14:34:00Z,1076,1076,lastingpowerofattorney,EA72,,
54,54,2017-04-28T14:34:00Z,1075,1075,"international-waste-shipments",EA199,,
53,53,2017-04-28T14:34:00Z,1074,1074,immigrationstatuscheck,D16,,
52,52,2017-04-28T14:34:00Z,1073,1073,"immigration-health-surcharge",D16,,
51,51,2017-04-28T14:34:00Z,1071,1071,hgvlevy,EA74,,
50,50,2017-04-28T14:34:00Z,1070,1070,helpwithcourtfees,EA73,,
49,49,2017-04-28T14:34:00Z,1068,1068,help-refugees-uk,D16,,
48,48,2017-04-28T14:34:00Z,1061,1061,get-fishing-licence,EA199,,
47,47,2017-04-28T14:34:00Z,1060,1060,get-document-legalised,D13,,
46,46,2017-04-28T14:34:00Z,1059,1059,"get-disability-work-support",D10,,
45,45,2017-04-28T14:34:00Z,1058,1058,fqaregister,D7,,
44,44,2017-04-28T14:34:00Z,1057,1057,"flood-warning-information",EA199,,
43,43,2017-04-28T14:34:00Z,1056,1056,flood-map-for-planning,EA199,,
42,42,2017-04-28T14:34:00Z,1055,1055,findpensioncontacts,D10,,
40,40,2017-04-28T14:34:00Z,1053,1053,find-business-support,D1198,,
39,39,2017-04-28T14:34:00Z,1052,1052,faster-uk-entry,OT535,,
38,38,2017-04-28T14:34:00Z,1051,1051,"energy-saving-home-improvement-fund",D1198,,
37,37,2017-04-28T14:34:00Z,1050,1050,employmenttribunals,EA73,,
36,36,2017-04-28T14:34:00Z,1049,1049,email-dvla,EA74,,
35,35,2017-04-28T14:34:00Z,1048,1048,electronic-visa-waiver,D16,,
34,34,2017-04-28T14:34:00Z,1047,1047,dvla-web-chat,EA74,,
33,33,2017-04-28T14:34:00Z,1046,1046,"driving-medical-condition",EA74,,
32,32,2017-04-28T14:34:00Z,1044,1044,domaininformation,OT1056,,
31,31,2017-04-28T14:34:00Z,1041,1041,digitalservicesstore,OT1056,,
30,30,2017-04-28T14:34:00Z,1040,1040,digitalmarketplace,OT1056,,
29,29,2017-04-28T14:34:00Z,1039,1039,dartford-crossing-charge,EA1114,,
28,28,2017-04-28T14:34:00Z,1038,1038,courttribunalformfinder,EA73,,
27,27,2017-04-28T14:34:00Z,1037,1037,courttribunalfinder,EA73,,
26,26,2017-04-28T14:34:00Z,1036,1036,contractsfinder,EA1015,,
25,25,2017-04-28T14:34:00Z,1034,1034,consular-appointments,D13,,
24,24,2017-04-28T14:34:00Z,1033,1033,complete-deputy-report,EA72,,
23,23,2017-04-28T14:34:00Z,1031,1031,"compare-school-performance",D6,,
22,22,2017-04-28T14:34:00Z,1030,1030,cloud,OT1056,,
21,21,2017-04-28T14:34:00Z,1028,1028,"claim-crown-court-defence",EA556,,
20,20,2017-04-28T14:34:00Z,1027,1027,civilservicejobshare,CS1028,,
19,19,2017-04-28T14:34:00Z,1026,1026,civilservicejobs,CS1028,,
18,18,2017-04-28T14:34:00Z,1023,1023,civilclaims,EA73,,
17,17,2017-04-28T14:34:00Z,1022,1022,checklegalaid,EA556,,
16,16,2017-04-28T14:34:00Z,1021,1021,check-mot,EA570,,
15,15,2017-04-28T14:34:00Z,1020,1020,"check-biometric-residence-permit",D16,,
14,14,2017-04-28T14:34:00Z,1019,1019,catchreturn,EA199,,
13,13,2017-04-28T14:34:00Z,1018,1018,carersallowance,D10,,
12,12,2017-04-28T14:34:00Z,1017,1017,buysellvehicle,EA74,,
11,11,2017-04-28T14:34:00Z,1016,1016,"biometric-residence-permit",D16,,
10,10,2017-04-28T14:34:00Z,1015,1015,biomass-suppliers-list,D1198,,
8,8,2017-04-28T14:34:00Z,1009,1009,"apply-for-debt-relief-order",EA32,,
7,7,2017-04-28T14:34:00Z,1008,1008,apply-for-bankruptcy,EA32,,
6,6,2017-04-28T14:34:00Z,1007,1007,"apply-emergency-travel-document",D13,,
5,5,2017-04-28T14:34:00Z,1006,1006,"apply-civil-service-fast-stream",OT1121,,
4,4,2017-04-28T14:34:00Z,1004,1004,apply-budgeting-loan,D10,,
3,3,2017-04-28T14:34:00Z,1003,1003,animal-disease-testing,EA1079,,
2,2,2017-04-28T14:34:00Z,1002,1002,access-life-chances-fund,D2,,
1,1,2017-04-28T14:34:00Z,1001,1001,"academic-technology-approval",D13,,
