index-entry-number,entry-number,entry-timestamp,key,"information-sharing-agreement-0001",name,purpose,"information-sharing-benefits",legal-power-disclosure,disclosed-information,controllers,controller-names,"information-sharing-method",processors,processor-names,retention-period,start-date,end-date,review-date,contact,areas,area-names
40,40,2019-08-12T13:54:09Z,38,38,"Childcare Pilot 001","The objective is to initiate an initial data exchange with HMRC in order to share information on customers who could potentially be claiming funding towards their childcare costs through multiple sources. The project will aim to identify any cases where customers appear to be double funded and investigate whether there has been a breach in their terms and conditions for receiving the childcare grant through SLC.","There will be tangible benefits in reducing fraudulent claims In addition: 
-        Contribution to Government strategy to reduce fraud and error
-        Improved reputation
-        Improved data sharing capability
-        Publicising results to deter others leading to loss reductions","information-sharing-agreement-powers-and-objectives-0001:7","It is expected that SLC will send the following information for matching purposes. 
•        Forename
•        Surname
•        DOB
•        Address
•        NINO
•        Child Name
•        Child DOB 
•        Childcare Provider Name 
•        Childcare OFSTED number

Initial assumption is that SLC would require the following from HMRC:
•        Match found on customer– working tax credits
•        Match found on child
•        Periods in which childcare funded was awarded (assume would want in last 2 tax years to cover the 17/18 academic year)
•        Childcare funding application date","government-organisation:PB27",,"The single file transfer will be completed by existing arrangements Secure Data Exchange Service (SDES), plus excel file will also be encrypted (password protected and sent out of band)","government-organisation:D25",,P8M,2019-06-03,2019-09-27,2019-09-27,"Data Subject Access RequestsVerification Operations, 5 WestStudent Loans Company100 Bothwell StreetGlasgowG2 7JD",,
39,39,2019-07-05T15:27:45Z,37,37,"DWP Universal Credit and DVLA registered keepers database data sharing","To enable DWP to determine whether data on DVLA registered keepers database can help in verification of an individual’s address to help prevent fraud related to household composition","To enable DWP to understand whether DVLA registered keepers database information can help in automating the process of verifying an individual is at the address to assist in the prevention of fraud relating to household composition.","information-sharing-agreement-powers-and-objectives-0001:7","First names,
Family name,
Address lines 1-4 where held,
Postcode","government-organisation:D10;government-organisation:EA74",,"Encrypted USB stick using track and trace delivery","government-organisation:EA74",,P5M,2019-07-01,2019-12-31,2019-12-31,"data.protection@dwp.gov.uk;rightofaccess.requests@dwp.gov.uk",,
38,38,2019-06-23T16:28:59Z,36,36,"Pilot data share between City of Wolverhampton Council and HMRC to manage and reduce Council Tax debt","To demonstrate the value of sharing local authority council tax debt data with HMRC to reduce and manage council tax debt. The pilot data share will help to 
manage and reduce council tax arrears; develop City of Wolverhampton Council's recovery procedures; identify customers whose circumstances make them vulnerable and provide them with appropriate advice and support; and enforce appropriate recovery action.","Increase in Council Tax debt recovered
Increase of in-year collection rate
identification of vulnerable debtors who can be signposted for assistance within or without the council, where they engage with the Local Authority;
Increase in Council Tax debt recovery due to knowledge of PAYE and self-assessment information","information-sharing-agreement-powers-and-objectives-0001:6","Name, address and contact or forwarding address of Council Tax customers who have received a liability order for failure to pay Council Tax disclosed to HMRC; and HMRC to supply PAYE and Self Assessment data","government-organisation:D25;local-authority-eng:WLV",,"Government Secure Email","government-organisation:D25",,P1Y,2019-03-29,2020-03-28,2020-03-28,"data.protection@wolverhampton.gov.uk",,"City of Wolverhampton Council"
37,37,2019-06-23T16:28:59Z,35,35,"Pilot data share between Wealden District Council and HMRC to manage and reduce Council Tax debt","To demonstrate the value of sharing local authority council tax debt data with HMRC to reduce and manage council tax debt. The pilot data share will help to 
manage and reduce council tax arrears; develop Wealden District Council's recovery procedures; identify customers whose circumstances make them vulnerable and provide them with appropriate advice and support; and enforce appropriate recovery action.","Increase in Council Tax debt recovered
Increase of in-year collection rate
identification of vulnerable debtors who can be signposted for assistance within or without the council, where they engage with the Local Authority;
Increase in Council Tax debt recovery due to knowledge of PAYE and self-assessment information","information-sharing-agreement-powers-and-objectives-0001:6","Name, address and contact or forwarding address of Council Tax customers who have received a liability order for failure to pay Council Tax disclosed to HMRC; and HMRC to supply PAYE and Self Assessment data","government-organisation:D25;local-authority-eng:WEA",,"Government Secure Email","government-organisation:D25",,P1Y,2019-03-29,2020-03-28,2020-03-28,"informationgovernance@wealden.gov.uk",,"Wealden District Council"
36,36,2019-06-23T16:28:59Z,34,34,"Pilot data share between Walsall Council and HMRC to manage and reduce Council Tax debt","To demonstrate the value of sharing local authority council tax debt data with HMRC to reduce and manage council tax debt. The pilot data share will help to 
manage and reduce council tax arrears; develop Walsall Council's recovery procedures; identify customers whose circumstances make them vulnerable and provide them with appropriate advice and support; and enforce appropriate recovery action.","Increase in Council Tax debt recovered
Increase of in-year collection rate
identification of vulnerable debtors who can be signposted for assistance within or without the council, where they engage with the Local Authority;
Increase in Council Tax debt recovery due to knowledge of PAYE and self-assessment information","information-sharing-agreement-powers-and-objectives-0001:6","Name, address and contact or forwarding address of Council Tax customers who have received a liability order for failure to pay Council Tax disclosed to HMRC; and HMRC to supply PAYE and Self Assessment data","government-organisation:D25;local-authority-eng:WLL",,"Government Secure Email","government-organisation:D25",,P1Y,2019-03-29,2020-03-28,2020-03-28,"informationrights@walsall.gov.uk",,"Walsall Council"
35,35,2019-06-23T16:28:59Z,33,33,"Pilot data share between Wakefield Council and HMRC to manage and reduce Council Tax debt","To demonstrate the value of sharing local authority council tax debt data with HMRC to reduce and manage council tax debt. The pilot data share will help to 
manage and reduce council tax arrears; develop Wakefield Council's recovery procedures; identify customers whose circumstances make them vulnerable and provide them with appropriate advice and support; and enforce appropriate recovery action.","Increase in Council Tax debt recovered
Increase of in-year collection rate
identification of vulnerable debtors who can be signposted for assistance within or without the council, where they engage with the Local Authority;
Increase in Council Tax debt recovery due to knowledge of PAYE and self-assessment information","information-sharing-agreement-powers-and-objectives-0001:6","Name, address and contact or forwarding address of Council Tax customers who have received a liability order for failure to pay Council Tax disclosed to HMRC; and HMRC to supply PAYE and Self Assessment data","government-organisation:D25;local-authority-eng:WKF",,"Government Secure Email","government-organisation:D25",,P1Y,2019-03-29,2020-03-28,2020-03-28,"dataprotection@wakefield.gov.uk",,"Wakefield Council"
34,34,2019-06-23T16:28:59Z,32,32,"Pilot data share between Tower Hamlets Council and HMRC to manage and reduce Council Tax debt","To demonstrate the value of sharing local authority council tax debt data with HMRC to reduce and manage council tax debt. The pilot data share will help to 
manage and reduce council tax arrears; develop Tower Hamlets Council's recovery procedures; identify customers whose circumstances make them vulnerable and provide them with appropriate advice and support; and enforce appropriate recovery action.","Increase in Council Tax debt recovered
Increase of in-year collection rate
identification of vulnerable debtors who can be signposted for assistance within or without the council, where they engage with the Local Authority;
Increase in Council Tax debt recovery due to knowledge of PAYE and self-assessment information","information-sharing-agreement-powers-and-objectives-0001:6","Name, address and contact or forwarding address of Council Tax customers who have received a liability order for failure to pay Council Tax disclosed to HMRC; and HMRC to supply PAYE and Self Assessment data","government-organisation:D25;local-authority-eng:TWH",,"Secure CD and Government secure courier","government-organisation:D25",,P1Y,2019-03-29,2020-03-28,2020-03-28,foi@towerhamlets.gov.uk,,"Tower Hamlets Council"
33,33,2019-06-23T16:28:59Z,31,31,"Pilot data share between Southwark Council and HMRC to manage and reduce Council Tax debt","To demonstrate the value of sharing local authority council tax debt data with HMRC to reduce and manage council tax debt. The pilot data share will help to 
manage and reduce council tax arrears; develop Southwark Council's recovery procedures; identify customers whose circumstances make them vulnerable and provide them with appropriate advice and support; and enforce appropriate recovery action.","Increase in Council Tax debt recovered
Increase of in-year collection rate
identification of vulnerable debtors who can be signposted for assistance within or without the council, where they engage with the Local Authority;
Increase in Council Tax debt recovery due to knowledge of PAYE and self-assessment information","information-sharing-agreement-powers-and-objectives-0001:6","Name, address and contact or forwarding address of Council Tax customers who have received a liability order for failure to pay Council Tax disclosed to HMRC; and HMRC to supply PAYE and Self Assessment data","government-organisation:D25;local-authority-eng:SWK",,"Government Secure Email","government-organisation:D25",,P1Y,2019-03-29,2020-03-28,2020-03-28,dpo@southwark.gov.uk,,"Southwark Council"
32,32,2019-06-23T16:28:59Z,30,30,"Pilot data share between Solihull Metropolitan Borough Council and HMRC to manage and reduce Council Tax debt","To demonstrate the value of sharing local authority council tax debt data with HMRC to reduce and manage council tax debt. The pilot data share will help to 
manage and reduce council tax arrears; develop Solihull Metropolitan Borough Council's recovery procedures; identify customers whose circumstances make them vulnerable and provide them with appropriate advice and support; and enforce appropriate recovery action.","Increase in Council Tax debt recovered
Increase of in-year collection rate
identification of vulnerable debtors who can be signposted for assistance within or without the council, where they engage with the Local Authority;
Increase in Council Tax debt recovery due to knowledge of PAYE and self-assessment information","information-sharing-agreement-powers-and-objectives-0001:6","Name, address and contact or forwarding address of Council Tax customers who have received a liability order for failure to pay Council Tax disclosed to HMRC; and HMRC to supply PAYE and Self Assessment data","government-organisation:D25;local-authority-eng:SOL",,"Government Secure Email","government-organisation:D25",,P1Y,2019-03-29,2020-03-28,2020-03-28,infogov@solihull.gov.uk,,"Solihull Metropolitan Borough Council"
31,31,2019-06-23T16:28:59Z,29,29,"Pilot data share between Sandwell Metropolitan Borough Council and HMRC to manage and reduce Council Tax debt","To demonstrate the value of sharing local authority council tax debt data with HMRC to reduce and manage council tax debt. The pilot data share will help to 
manage and reduce council tax arrears; develop Sandwell Metropolitan Borough Council's recovery procedures; identify customers whose circumstances make them vulnerable and provide them with appropriate advice and support; and enforce appropriate recovery action.","Increase in Council Tax debt recovered
Increase of in-year collection rate
identification of vulnerable debtors who can be signposted for assistance within or without the council, where they engage with the Local Authority;
Increase in Council Tax debt recovery due to knowledge of PAYE and self-assessment information","information-sharing-agreement-powers-and-objectives-0001:6","Name, address and contact or forwarding address of Council Tax customers who have received a liability order for failure to pay Council Tax disclosed to HMRC; and HMRC to supply PAYE and Self Assessment data","government-organisation:D25;local-authority-eng:SAW",,"Government Secure Email","government-organisation:D25",,P1Y,2019-03-29,2020-03-28,2020-03-28,"info_management@sandwell.gov.uk",,"Sandwell Metropolitan Borough Council"
30,30,2019-06-23T16:28:59Z,28,28,"Pilot data share between Salford City Council and HMRC to manage and reduce Council Tax debt","To demonstrate the value of sharing local authority council tax debt data with HMRC to reduce and manage council tax debt. The pilot data share will help to 
manage and reduce council tax arrears; develop Salford City Council's recovery procedures; identify customers whose circumstances make them vulnerable and provide them with appropriate advice and support; and enforce appropriate recovery action.","Increase in Council Tax debt recovered
Increase of in-year collection rate
identification of vulnerable debtors who can be signposted for assistance within or without the council, where they engage with the Local Authority;
Increase in Council Tax debt recovery due to knowledge of PAYE and self-assessment information","information-sharing-agreement-powers-and-objectives-0001:6","Name, address and contact or forwarding address of Council Tax customers who have received a liability order for failure to pay Council Tax disclosed to HMRC; and HMRC to supply PAYE and Self Assessment data","government-organisation:D25;local-authority-eng:SLF",,"Government Secure Email","government-organisation:D25",,P1Y,2019-03-29,2020-03-28,2020-03-28,"https://www.salford.gov.uk/your-council/council-and-decision-making/freedom-of-information-act/request-information/",,"Salford City Council"
29,29,2019-06-23T16:28:59Z,27,27,"Pilot data share between Rotherham Metropolitan Borough Council and HMRC to manage and reduce Council Tax debt","To demonstrate the value of sharing local authority council tax debt data with HMRC to reduce and manage council tax debt. The pilot data share will help to 
manage and reduce council tax arrears; develop Rotherham Metropolitan Borough Council's recovery procedures; identify customers whose circumstances make them vulnerable and provide them with appropriate advice and support; and enforce appropriate recovery action.","Increase in Council Tax debt recovered
Increase of in-year collection rate
identification of vulnerable debtors who can be signposted for assistance within or without the council, where they engage with the Local Authority;
Increase in Council Tax debt recovery due to knowledge of PAYE and self-assessment information","information-sharing-agreement-powers-and-objectives-0001:6","Name, address and contact or forwarding address of Council Tax customers who have received a liability order for failure to pay Council Tax disclosed to HMRC; and HMRC to supply PAYE and Self Assessment data","government-organisation:D25;local-authority-eng:ROT",,"Government Secure Email","government-organisation:D25",,P1Y,2019-03-29,2020-03-28,2020-03-28,IGU@rotherham.gov.uk,,"Rotherham Metropolitan Borough Council"
28,28,2019-06-23T16:28:59Z,26,26,"Pilot data share between North Hertfordshire District Council and HMRC to manage and reduce Council Tax debt","To demonstrate the value of sharing local authority council tax debt data with HMRC to reduce and manage council tax debt. The pilot data share will help to 
manage and reduce council tax arrears; develop North Hertfordshire District Council's recovery procedures; identify customers whose circumstances make them vulnerable and provide them with appropriate advice and support; and enforce appropriate recovery action.","Increase in Council Tax debt recovered
Increase of in-year collection rate
identification of vulnerable debtors who can be signposted for assistance within or without the council, where they engage with the Local Authority;
Increase in Council Tax debt recovery due to knowledge of PAYE and self-assessment information","information-sharing-agreement-powers-and-objectives-0001:6","Name, address and contact or forwarding address of Council Tax customers who have received a liability order for failure to pay Council Tax disclosed to HMRC; and HMRC to supply PAYE and Self Assessment data","government-organisation:D25;local-authority-eng:NHE",,"Government Secure Email","government-organisation:D25",,P1Y,2019-03-29,2020-03-28,2020-03-28,"datacontroller@north-herts.gov.uk",,"North Hertfordshire District Council"
27,27,2019-06-23T16:28:59Z,25,25,"Pilot data share between Newham Council and HMRC to manage and reduce Council Tax debt","To demonstrate the value of sharing local authority council tax debt data with HMRC to reduce and manage council tax debt. The pilot data share will help to 
manage and reduce council tax arrears; develop Newham Council's recovery procedures; identify customers whose circumstances make them vulnerable and provide them with appropriate advice and support; and enforce appropriate recovery action.","Increase in Council Tax debt recovered
Increase of in-year collection rate
identification of vulnerable debtors who can be signposted for assistance within or without the council, where they engage with the Local Authority;
Increase in Council Tax debt recovery due to knowledge of PAYE and self-assessment information","information-sharing-agreement-powers-and-objectives-0001:6","Name, address and contact or forwarding address of Council Tax customers who have received a liability order for failure to pay Council Tax disclosed to HMRC; and HMRC to supply PAYE and Self Assessment data","government-organisation:D25;local-authority-eng:NWM",,"Government Secure Email","government-organisation:D25",,P1Y,2019-03-29,2020-03-28,2020-03-28,"information.governance@newham.gov.uk",,"Newham Council"
26,26,2019-06-23T16:28:59Z,24,24,"Pilot data share between Medway Council and HMRC to manage and reduce Council Tax debt","To demonstrate the value of sharing local authority council tax debt data with HMRC to reduce and manage council tax debt. The pilot data share will help to 
manage and reduce council tax arrears; develop Medway Council's recovery procedures; identify customers whose circumstances make them vulnerable and provide them with appropriate advice and support; and enforce appropriate recovery action.","Increase in Council Tax debt recovered
Increase of in-year collection rate
identification of vulnerable debtors who can be signposted for assistance within or without the council, where they engage with the Local Authority;
Increase in Council Tax debt recovery due to knowledge of PAYE and self-assessment information","information-sharing-agreement-powers-and-objectives-0001:6","Name, address and contact or forwarding address of Council Tax customers who have received a liability order for failure to pay Council Tax disclosed to HMRC; and HMRC to supply PAYE and Self Assessment data","government-organisation:D25;local-authority-eng:MDW",,"Government Secure Email","government-organisation:D25",,P1Y,2019-03-29,2020-03-28,2020-03-28,gdpr@medway.gov.uk,,"Medway Council"
25,25,2019-06-23T16:28:59Z,23,23,"Pilot data share between Manchester City Council and HMRC to manage and reduce Council Tax debt","To demonstrate the value of sharing local authority council tax debt data with HMRC to reduce and manage council tax debt. The pilot data share will help to 
manage and reduce council tax arrears; develop Manchester City Council's recovery procedures; identify customers whose circumstances make them vulnerable and provide them with appropriate advice and support; and enforce appropriate recovery action.","Increase in Council Tax debt recovered
Increase of in-year collection rate
identification of vulnerable debtors who can be signposted for assistance within or without the council, where they engage with the Local Authority;
Increase in Council Tax debt recovery due to knowledge of PAYE and self-assessment information","information-sharing-agreement-powers-and-objectives-0001:6","Name, address and contact or forwarding address of Council Tax customers who have received a liability order for failure to pay Council Tax disclosed to HMRC; and HMRC to supply PAYE and Self Assessment data","government-organisation:D25;local-authority-eng:MAN",,"Government Secure Email","government-organisation:D25",,P1Y,2019-03-29,2020-03-28,2020-03-28,"informationcompliance@manchester.gov.uk",,"Manchester City Council"
24,24,2019-06-23T16:28:59Z,22,22,"Pilot data share between Lewes District Council and HMRC to manage and reduce Council Tax debt","To demonstrate the value of sharing local authority council tax debt data with HMRC to reduce and manage council tax debt. The pilot data share will help to 
manage and reduce council tax arrears; develop Lewes District Council's recovery procedures; identify customers whose circumstances make them vulnerable and provide them with appropriate advice and support; and enforce appropriate recovery action.","Increase in Council Tax debt recovered
Increase of in-year collection rate
identification of vulnerable debtors who can be signposted for assistance within or without the council, where they engage with the Local Authority;
Increase in Council Tax debt recovery due to knowledge of PAYE and self-assessment information","information-sharing-agreement-powers-and-objectives-0001:6","Name, address and contact or forwarding address of Council Tax customers who have received a liability order for failure to pay Council Tax disclosed to HMRC; and HMRC to supply PAYE and Self Assessment data","government-organisation:D25;local-authority-eng:LEE",,"Government Secure Email","government-organisation:D25",,P1Y,2019-03-29,2020-03-28,2020-03-28,"foi@lewes-eastbourne.gov.uk",,"Lewes District Council"
23,23,2019-06-23T16:28:59Z,21,21,"Pilot data share between Kirklees Council and HMRC to manage and reduce Council Tax debt","To demonstrate the value of sharing local authority council tax debt data with HMRC to reduce and manage council tax debt. The pilot data share will help to 
manage and reduce council tax arrears; develop Kirklees Council's recovery procedures; identify customers whose circumstances make them vulnerable and provide them with appropriate advice and support; and enforce appropriate recovery action.","Increase in Council Tax debt recovered
Increase of in-year collection rate
identification of vulnerable debtors who can be signposted for assistance within or without the council, where they engage with the Local Authority;
Increase in Council Tax debt recovery due to knowledge of PAYE and self-assessment information","information-sharing-agreement-powers-and-objectives-0001:6","Name, address and contact or forwarding address of Council Tax customers who have received a liability order for failure to pay Council Tax disclosed to HMRC; and HMRC to supply PAYE and Self Assessment data","government-organisation:D25;local-authority-eng:KIR",,"Government Secure Email","government-organisation:D25",,P1Y,2019-03-29,2020-03-28,2020-03-28,"freedom.info@kirklees.gov.uk",,"Kirklees Council"
22,22,2019-06-23T16:28:59Z,20,20,"Pilot data share between Royal Borough of Kensington and Chelsea and HMRC to manage and reduce Council Tax debt","To demonstrate the value of sharing local authority council tax debt data with HMRC to reduce and manage council tax debt. The pilot data share will help to 
manage and reduce council tax arrears; develop Royal Borough of Kensington and Chelsea's recovery procedures; identify customers whose circumstances make them vulnerable and provide them with appropriate advice and support; and enforce appropriate recovery action.","Increase in Council Tax debt recovered
Increase of in-year collection rate
identification of vulnerable debtors who can be signposted for assistance within or without the council, where they engage with the Local Authority;
Increase in Council Tax debt recovery due to knowledge of PAYE and self-assessment information","information-sharing-agreement-powers-and-objectives-0001:6","Name, address and contact or forwarding address of Council Tax customers who have received a liability order for failure to pay Council Tax disclosed to HMRC; and HMRC to supply PAYE and Self Assessment data","government-organisation:D25;local-authority-eng:KEC",,"Government Secure Email","government-organisation:D25",,P1Y,2019-03-29,2020-03-28,2020-03-28,foi@rbkc.gov.uk,,"Royal Borough of Kensington and Chelsea"
21,21,2019-06-23T16:28:59Z,19,19,"Pilot data share between Islington Council and HMRC to manage and reduce Council Tax debt","To demonstrate the value of sharing local authority council tax debt data with HMRC to reduce and manage council tax debt. The pilot data share will help to 
manage and reduce council tax arrears; develop Islington Council's recovery procedures; identify customers whose circumstances make them vulnerable and provide them with appropriate advice and support; and enforce appropriate recovery action.","Increase in Council Tax debt recovered
Increase of in-year collection rate
identification of vulnerable debtors who can be signposted for assistance within or without the council, where they engage with the Local Authority;
Increase in Council Tax debt recovery due to knowledge of PAYE and self-assessment information","information-sharing-agreement-powers-and-objectives-0001:6","Name, address and contact or forwarding address of Council Tax customers who have received a liability order for failure to pay Council Tax disclosed to HMRC; and HMRC to supply PAYE and Self Assessment data","government-organisation:D25;local-authority-eng:ISL",,"Government Secure Email","government-organisation:D25",,P1Y,2019-03-29,2020-03-28,2020-03-28,foia@islington.gov.uk,,"Islington Council"
20,20,2019-06-23T16:28:59Z,18,18,"Pilot data share between Eastbourne Borough Council and HMRC to manage and reduce Council Tax debt","To demonstrate the value of sharing local authority council tax debt data with HMRC to reduce and manage council tax debt. The pilot data share will help to 
manage and reduce council tax arrears; develop Eastbourne Borough Council's recovery procedures; identify customers whose circumstances make them vulnerable and provide them with appropriate advice and support; and enforce appropriate recovery action.","Increase in Council Tax debt recovered
Increase of in-year collection rate
identification of vulnerable debtors who can be signposted for assistance within or without the council, where they engage with the Local Authority;
Increase in Council Tax debt recovery due to knowledge of PAYE and self-assessment information","information-sharing-agreement-powers-and-objectives-0001:6","Name, address and contact or forwarding address of Council Tax customers who have received a liability order for failure to pay Council Tax disclosed to HMRC; and HMRC to supply PAYE and Self Assessment data","government-organisation:D25;local-authority-eng:EAS",,"Government Secure Email","government-organisation:D25",,P1Y,2019-03-29,2020-03-28,2020-03-28,"foi@lewes-eastbourne.gov.uk",,"Eastbourne Borough Council"
19,19,2019-06-23T16:28:59Z,17,17,"Pilot data share between Ealing Council and HMRC to manage and reduce Council Tax debt","To demonstrate the value of sharing local authority council tax debt data with HMRC to reduce and manage council tax debt. The pilot data share will help to 
manage and reduce council tax arrears; develop Ealing Council's recovery procedures; identify customers whose circumstances make them vulnerable and provide them with appropriate advice and support; and enforce appropriate recovery action.","Increase in Council Tax debt recovered
Increase of in-year collection rate
identification of vulnerable debtors who can be signposted for assistance within or without the council, where they engage with the Local Authority;
Increase in Council Tax debt recovery due to knowledge of PAYE and self-assessment information","information-sharing-agreement-powers-and-objectives-0001:6","Name, address and contact or forwarding address of Council Tax customers who have received a liability order for failure to pay Council Tax disclosed to HMRC; and HMRC to supply PAYE and Self Assessment data","government-organisation:D25;local-authority-eng:EAL",,"Government Secure Email","government-organisation:D25",,P1Y,2019-03-29,2020-03-28,2020-03-28,"foirequests@ealing.gov.uk",,"Ealing Council"
18,18,2019-06-23T16:28:59Z,16,16,"Pilot data share between Dudley Metropolitan Borough Council and HMRC to manage and reduce Council Tax debt","To demonstrate the value of sharing local authority council tax debt data with HMRC to reduce and manage council tax debt. The pilot data share will help to 
manage and reduce council tax arrears; develop Dudley Metropolitan Borough Council's recovery procedures; identify customers whose circumstances make them vulnerable and provide them with appropriate advice and support; and enforce appropriate recovery action.","Increase in Council Tax debt recovered
Increase of in-year collection rate
identification of vulnerable debtors who can be signposted for assistance within or without the council, where they engage with the Local Authority;
Increase in Council Tax debt recovery due to knowledge of PAYE and self-assessment information","information-sharing-agreement-powers-and-objectives-0001:6","Name, address and contact or forwarding address of Council Tax customers who have received a liability order for failure to pay Council Tax disclosed to HMRC; and HMRC to supply PAYE and Self Assessment data","government-organisation:D25;local-authority-eng:DUD",,"Government Secure Email","government-organisation:D25",,P1Y,2019-03-29,2020-03-28,2020-03-28,"Information.governance@dudley.gov.uk",,"Dudley Metropolitan Borough Council"
17,17,2019-06-23T16:28:59Z,15,15,"Pilot data share between Coventry City Council and HMRC to manage and reduce Council Tax debt","To demonstrate the value of sharing local authority council tax debt data with HMRC to reduce and manage council tax debt. The pilot data share will help to 
manage and reduce council tax arrears; develop Coventry City Council's recovery procedures; identify customers whose circumstances make them vulnerable and provide them with appropriate advice and support; and enforce appropriate recovery action.","Increase in Council Tax debt recovered
Increase of in-year collection rate
identification of vulnerable debtors who can be signposted for assistance within or without the council, where they engage with the Local Authority;
Increase in Council Tax debt recovery due to knowledge of PAYE and self-assessment information","information-sharing-agreement-powers-and-objectives-0001:6","Name, address and contact or forwarding address of Council Tax customers who have received a liability order for failure to pay Council Tax disclosed to HMRC; and HMRC to supply PAYE and Self Assessment data","government-organisation:D25;local-authority-eng:COV",,"Government Secure Email","government-organisation:D25",,P1Y,2019-03-29,2020-03-28,2020-03-28,infogov@coventry.gov.uk,,"Coventry City Council"
16,16,2019-06-23T16:28:59Z,14,14,"Pilot data share between Cornwall Council and HMRC to manage and reduce Council Tax debt","To demonstrate the value of sharing local authority council tax debt data with HMRC to reduce and manage council tax debt. The pilot data share will help to 
manage and reduce council tax arrears; develop Cornwall Council's recovery procedures; identify customers whose circumstances make them vulnerable and provide them with appropriate advice and support; and enforce appropriate recovery action.","Increase in Council Tax debt recovered
Increase of in-year collection rate
identification of vulnerable debtors who can be signposted for assistance within or without the council, where they engage with the Local Authority;
Increase in Council Tax debt recovery due to knowledge of PAYE and self-assessment information","information-sharing-agreement-powers-and-objectives-0001:6","Name, address and contact or forwarding address of Council Tax customers who have received a liability order for failure to pay Council Tax disclosed to HMRC; and HMRC to supply PAYE and Self Assessment data","government-organisation:D25;local-authority-eng:CON",,"Government Secure Email","government-organisation:D25",,P1Y,2019-03-29,2020-03-28,2020-03-28,"dataprotection@cornwall.gov.uk",,"Cornwall Council"
15,15,2019-06-23T16:28:59Z,13,13,"Pilot data share between Carmarthenshire District Council and HMRC to manage and reduce Council Tax debt","To demonstrate the value of sharing local authority council tax debt data with HMRC to reduce and manage council tax debt. The pilot data share will help to 
manage and reduce council tax arrears; develop Carmarthenshire District Council's recovery procedures; identify customers whose circumstances make them vulnerable and provide them with appropriate advice and support; and enforce appropriate recovery action.","Increase in Council Tax debt recovered
Increase of in-year collection rate
identification of vulnerable debtors who can be signposted for assistance within or without the council, where they engage with the Local Authority;
Increase in Council Tax debt recovery due to knowledge of PAYE and self-assessment information","information-sharing-agreement-powers-and-objectives-0001:6","Name, address and contact or forwarding address of Council Tax customers who have received a liability order for failure to pay Council Tax disclosed to HMRC; and HMRC to supply PAYE and Self Assessment data","government-organisation:D25;principal-local-authority:CMN",,"Government Secure Email","government-organisation:D25",,P1Y,2019-03-29,2020-03-28,2020-03-28,"foia@carmarthenshire.gov.uk",,"Carmarthenshire District Council"
14,14,2019-06-23T16:28:59Z,12,12,"Pilot data share between Brighton and Hove City Council and HMRC to manage and reduce Council Tax debt","To demonstrate the value of sharing local authority council tax debt data with HMRC to reduce and manage council tax debt. The pilot data share will help to 
manage and reduce council tax arrears; develop Brighton and Hove City Council's recovery procedures; identify customers whose circumstances make them vulnerable and provide them with appropriate advice and support; and enforce appropriate recovery action.","Increase in Council Tax debt recovered
Increase of in-year collection rate
identification of vulnerable debtors who can be signposted for assistance within or without the council, where they engage with the Local Authority;
Increase in Council Tax debt recovery due to knowledge of PAYE and self-assessment information","information-sharing-agreement-powers-and-objectives-0001:6","Name, address and contact or forwarding address of Council Tax customers who have received a liability order for failure to pay Council Tax disclosed to HMRC; and HMRC to supply PAYE and Self Assessment data","government-organisation:D25;local-authority-eng:BNH",,"Government Secure Email","government-organisation:D25",,P1Y,2019-03-29,2020-03-28,2020-03-28,"freedomofinformation@brighton-hove.gov.uk",,"Brighton and Hove City Council"
13,13,2019-06-23T16:28:59Z,11,11,"Pilot data share between Bradford Metropolitan District Council and HMRC to manage and reduce Council Tax debt","To demonstrate the value of sharing local authority council tax debt data with HMRC to reduce and manage council tax debt. The pilot data share will help to 
manage and reduce council tax arrears; develop Bradford Metropolitan District Council's recovery procedures; identify customers whose circumstances make them vulnerable and provide them with appropriate advice and support; and enforce appropriate recovery action.","Increase in Council Tax debt recovered
Increase of in-year collection rate
identification of vulnerable debtors who can be signposted for assistance within or without the council, where they engage with the Local Authority;
Increase in Council Tax debt recovery due to knowledge of PAYE and self-assessment information","information-sharing-agreement-powers-and-objectives-0001:6","Name, address and contact or forwarding address of Council Tax customers who have received a liability order for failure to pay Council Tax disclosed to HMRC; and HMRC to supply PAYE and Self Assessment data","government-organisation:D25;local-authority-eng:BRD",,"Government Secure Email","government-organisation:D25",,P1Y,2019-03-29,2020-03-28,2020-03-28,"council.tax@bradford.gov.uk",,"Bradford Metropolitan District Council"
12,12,2019-06-23T16:28:59Z,10,10,"Pilot data share between Bolton Council and HMRC to manage and reduce Council Tax debt","To demonstrate the value of sharing local authority council tax debt data with HMRC to reduce and manage council tax debt. The pilot data share will help to 
manage and reduce council tax arrears; develop Bolton Council's recovery procedures; identify customers whose circumstances make them vulnerable and provide them with appropriate advice and support; and enforce appropriate recovery action.","Increase in Council Tax debt recovered
Increase of in-year collection rate
identification of vulnerable debtors who can be signposted for assistance within or without the council, where they engage with the Local Authority;
Increase in Council Tax debt recovery due to knowledge of PAYE and self-assessment information","information-sharing-agreement-powers-and-objectives-0001:6","Name, address and contact or forwarding address of Council Tax customers who have received a liability order for failure to pay Council Tax disclosed to HMRC; and HMRC to supply PAYE and Self Assessment data","government-organisation:D25;local-authority-eng:BOL",,"Government Secure Email","government-organisation:D25",,P1Y,2019-03-29,2020-03-28,2020-03-28,"information.security@bolton.gov.uk",,"Bolton Council"
11,11,2019-06-23T16:28:59Z,9,9,"Pilot data share between Birmingham City Council and HMRC to manage and reduce Council Tax debt","To demonstrate the value of sharing local authority council tax debt data with HMRC to reduce and manage council tax debt. The pilot data share will help to 
manage and reduce council tax arrears; develop Birmingham City Council's recovery procedures; identify customers whose circumstances make them vulnerable and provide them with appropriate advice and support; and enforce appropriate recovery action.","Increase in Council Tax debt recovered
Increase of in-year collection rate
identification of vulnerable debtors who can be signposted for assistance within or without the council, where they engage with the Local Authority;
Increase in Council Tax debt recovery due to knowledge of PAYE and self-assessment information","information-sharing-agreement-powers-and-objectives-0001:6","Name, address and contact or forwarding address of Council Tax customers who have received a liability order for failure to pay Council Tax disclosed to HMRC; and HMRC to supply PAYE and Self Assessment data","government-organisation:D25;local-authority-eng:BIR",,"Government Secure Email","government-organisation:D25",,P1Y,2019-03-29,2020-03-28,2020-03-28,"infogovernance@birmingham.gov.uk",,"Birmingham City Council"
10,10,2019-06-23T16:28:59Z,8,8,"Pilot data share between Barnsley Metropolitan Borough Council and HMRC to manage and reduce Council Tax debt","To demonstrate the value of sharing local authority council tax debt data with HMRC to reduce and manage council tax debt. The pilot data share will help to 
manage and reduce council tax arrears; develop Barnsley Metropolitan Borough Council's recovery procedures; identify customers whose circumstances make them vulnerable and provide them with appropriate advice and support; and enforce appropriate recovery action.","Increase in Council Tax debt recovered
Increase of in-year collection rate
identification of vulnerable debtors who can be signposted for assistance within or without the council, where they engage with the Local Authority;
Increase in Council Tax debt recovery due to knowledge of PAYE and self-assessment information","information-sharing-agreement-powers-and-objectives-0001:6","Name, address and contact or forwarding address of Council Tax customers who have received a liability order for failure to pay Council Tax disclosed to HMRC; and HMRC to supply PAYE and Self Assessment data","government-organisation:D25;local-authority-eng:BNS",,"Government Secure Email","government-organisation:D25",,P1Y,2019-03-29,2020-03-28,2020-03-28,"Informationrequests@barnsley.gov.uk",,"Barnsley Metropolitan Borough Council"
9,9,2019-04-10T12:38:39Z,7,7,"For the provision of data matching and sharing services to support Shell Energy (previously known as First Utility) deliver debt reduction assistance to eligible domestic energy customers.","To provide benefit eligibility checks to support Shell Energy provide financial assistance to domestic energy customers under an Industry Initiative scheme delivered as part of the Warm Home Discount Scheme.","Information sharing between the Department for Work and Pensions (DWP) and Shell Energy to confirm the eligibility of domestic energy customers who have applied for financial assistance with outstanding debt on energy bills.","information-sharing-agreement-powers-and-objectives-0001:2","Shell Energy will share a unique identifier, name, date of birth and address for each customer. DWP will return the unique identifier only, with a flag which will indicate the result of the eligibility check (i.e. matched/not matched/unverified).","information-sharing-agreement-specified-person-0001:7;information-sharing-agreement-specified-person-0001:94","Shell Energy","Encrypted files via email",,,P1M,2019-03-25,2019-06-30,,"data.protectionofficer@dwp.gsi.gov.uk",,
8,8,2019-04-08T16:32:33Z,6,6,"For the provision of the Warmer Homes Scotland (WHS) data matching and sharing service","To provide benefit eligibility checks to support delivery of WHS.","Information sharing between the Energy Saving Trust (EST) (on behalf of Scottish Ministers) and the Department for Work and Pensions (DWP) to confirm the eligibility of customers who have applied for the installation of energy saving measures under WHS.","information-sharing-agreement-powers-and-objectives-0001:2","EST will share a unique identifier, name, date of birth and address for each customer. DWP will return the unique identifier only, with a flag which will indicate the result of the eligibility check (i.e. matched/not matched/unverified).","information-sharing-agreement-specified-person-0001:7;information-sharing-agreement-specified-person-0001:66",EST,"Encrypted files via email",,,P1M,2018-12-17,2019-12-31,2019-06-17,"data.protectionofficer@dwp.gsi.gov.uk",,
7,7,2019-04-08T16:32:33Z,5,5,"For the provision of the Energy Company Obligation (ECO) data matching and sharing service","To provide benefit eligibility checks to support delivery of the ECO scheme.","Information sharing between the Energy Saving Trust (EST) and the Department for Work and Pensions (DWP) to confirm the eligibility of customers who have applied for the installation of energy saving measures under the ECO scheme.","information-sharing-agreement-powers-and-objectives-0001:2","EST will share a unique identifier, name, date of birth and address for each customer. DWP will return the unique identifier only, with a flag which will indicate the result of the eligibility check (i.e. matched/not matched/unverified).","information-sharing-agreement-specified-person-0001:7",,"Encrypted files via email","information-sharing-agreement-specified-person-0001:66",EST,P3Y9M27D,2018-12-03,2022-03-31,2019-12-03,"data.protectionofficer@dwp.gsi.gov.uk",,
6,6,2019-04-05T12:01:47Z,2,2,"Exploring Potential Fraud in the Help to Buy Scheme","To identify whether there is potential fraud in the Help to Buy Scheme, relating to the overinflaton of income (fraud by misrepresentation) and the failure to declare existing property ownership at the point of application (fraud by omission).","This information sharing agreement will help Homes England to identify any fraud in the Help to Buy Scheme, and to qualify the nature of this fraud. In doing so, Homes England will be able to assess compliance and review policies for preventative purposes only.","information-sharing-agreement-powers-and-objectives-0001:7","Data on earnings and income, on self-assessment, on benefits and credits, and on property ownership will be disclosed by Her Majesty’s Revenue and Customs to Homes England","government-organisation:D25","Homes England","Government Secure Email",,,P3M,2018-09-06,2019-05-31,2019-01-17,DPO@homesengland.gov.uk,,
5,5,2019-03-25T19:12:44Z,4,4,"Testing the feasibility of data matching  between VOA and DWP data for improved fuel poverty targeting","To test the matching of two data sets to enable Government to better identify households at risk of fuel poverty and improve the targeting of support to tackle fuel poverty ","The testing will help BEIS understand the feasibility of the matching between the two datasets, identify areas of error or non-match and investigate mitigations in order to maximise the datasets' matching success rates. The data matching mechanism would enable more effective targeting of fuel poverty policies.","information-sharing-agreement-powers-and-objectives-0001:2","Valuation Office Agency (VOA) data relating to property characteristics will be shared with the Department for Business Energy and Industrial Strategy (BEIS) for ranking according to potential energy costs. Data to be onwardly shared with the Department for Work and Pensions (DWP) for the matching feasibility exercise, where the relationship between property data and benefits data will be compared.","information-sharing-agreement-specified-person-0001:6;information-sharing-agreement-specified-person-0001:7;information-sharing-agreement-specified-person-0001:15",,"Egress file sharing","information-sharing-agreement-specified-person-0001:6;information-sharing-agreement-specified-person-0001:7",,P3Y11M,2019-02-18,2019-12-31,2019-07-01,"dataprotection@beis.gov.uk",,
3,3,2019-02-25T13:33:17Z,3,3,"National Fraud Initiative - HMRC and Local Authority Counter Fraud Pilot","The National Fraud Initiative (NFI) is the Cabinet Office’s UK-wide data matching exercise. It is exploring the potential value and effectiveness of using HMRC data to better identify and prevent fraud. We will share records containing personal data with HMRC. These will be matched against HMRC records and additional HMRC information appended and fed back to the NFI to be evaluated as to how it may improve the NFI national exercise. ","The expected benefits are;   1. To provide additional intelligence on data matches already generated and released by the NFI for participant organisations to consider and investigate where appropriate; 2. To allow the NFI to update its fraud risk scoring of these released matches;  3. To assist with the reduction of potential false positive data match disclosure within the existing NFI data matching: and 4. To allow additional counter fraud data matches to be generated from just the additional HMRC results. ","information-sharing-agreement-powers-and-objectives-0001:7","Data items will relate to: ●Employed and self-employed earnings  ●Household composition ●Property ownership ","government-organisation:D2",,"Secure File Transfer (batch basis)","government-organisation:D25",,P2Y,2018-12-01,2020-12-31,2019-12-01,"nfiqueries@cabinetoffice.gov.uk",,
1,1,2018-12-14T14:57:09Z,1,1,"Exploring differences in company accounts filed between Companies House and HMRC","To identify where differences in accounts filed between HMRC and Companies House over the last 48 months indicate fraudulent activity","This pilot will help Companies House to identify potential fraud and error and, in establishing improvements to the operation of the account filing process, ensure that Companies House are presenting a more accurate picture of the financial health of businesses. This pilot will also enable HMRC to identify where companies are understating accounts and thereby reducing tax liabilities. In doing so, HMRC will be able to redeem extra public funds through increased tax dividends.","information-sharing-agreement-powers-and-objectives-0001:7","Company names and registration numbers, selected accounts items, and the names of associated company directors, partners, and third party accountants where relevant.","government-organisation:EA26;government-organisation:D25",,"Government Secure Email",,,P11M,2018-09-06,2019-03-31,2019-03-21,"informationrights@companieshouse.gov.uk",,
